documents,share,passage
1664,0.993,نطاق ومدة وخامة قبل البدء. لا نبدأ دون اعتماد.
1664,0.993,عمل حسب التقرير ثم معاينتك على واتساب إن لزم توثيق.
1664,0.993,لا نخترع أسعاراً ثابتة. هذه عوامل القياس بعد المعاينة في {CITY}.
1664,0.993,نغطي المدينة حسب وصف المدخل لا حسب اسم عام.
1664,0.993,قد يُستبعد بند إن لم يلزم لحالتك في {CITY}.
1664,0.993,لا أسعار مخترعة. القيمة تُكتب بعد المعاينة.
1664,0.993,أرسل الحي والصور على واتساب لتحديد المعاينة. بدون اتصال هاتفي.
1662,0.992,بعد التسليم تبقى محادثة واتساب مرجعاً للصور إن عاد عَرَض ضمن المتفق. هذا يغلق الملف بدل شكاوى بلا سياق. إن ظهرت نقطة جديدة خارج النطاق نفتح عرضاً منفصلاً لا نخلطه مع العمل السابق.
1662,0.992,إن تغيّر الوضع بعد الحجز وقبل الزيارة، أرسل صورة محدّثة. ذلك يمنع عدة ناقصة داخل {CITY}. مثال: بقعة اتسعت أو انقطع تبريد أو ظهرت رائحة — كلها تغيّر ترتيب الفحص.
1327,0.792,اعتماد اتصال هاتفي بدل واتساب وضياع الصور.
832,0.496,م{CITY} واضح من الرسالة حتى التسليم داخل {CITY} وبقية الأحياء.
831,0.496,المصدر إن ظهر، وما يحتاج متابعة، وما هو خارج الزيارة. في {CITY} نضيف ملاحظة الوصول لأن الازدحام أو الأزقة تغيّر الزمن. التقرير لك لا للأرشيف الداخلي فقط.
570,0.34,معاينة مكتوبة ثم عرض سعر — بلا تخمين من الرسالة داخل {CITY}.
570,0.34,تسرب ظاهر أو انقطاع تبريد أو خطر كهرباء. نرتّب أقرب نافذة بعد تأكيد العنوان.
570,0.34,إن لزم جفاف أو خامة نكتبه في العرض. لا نعد بإنهاء كل شيء في ساعات إن كانت الحالة لا تسمح.
570,0.34,نطاق الضمان والخامة يُذكران في عرض السعر قبل البدء.
548,0.327,نبدأ من المصدر لا من العرض السريع، ثم نحدد عدة العمل حسب العقار.
548,0.327,واتساب فقط حتى تبقى الصور والعنوان في محادثة واحدة. لا نعتمد الاتصال الهاتفي.
546,0.326,ما الذي يميّز التنفيذ في {CITY} عن مدينة أخرى؟
546,0.326,التواصل واتساب فقط حتى تبقى الصور والحي في محادثة واحدة.
546,0.326,وصف الحي في {CITY}، صور واضحة، وأقرب معلم. الباقي يُستكمل في الموقع.
546,0.326,إن لزم بند إضافي يُذكر في العرض منفصلاً إلا إذا اتُفق كتابياً.
416,0.248,م{CITY} واضح من الرسالة حتى التسليم داخل {CITY} البلد وبقية الأحياء.
416,0.248,المصدر إن ظهر، وما يحتاج متابعة، وما هو خارج الزيارة. في {CITY} البلد نضيف ملاحظة الوصول لأن الازدحام أو الأزقة تغيّر الزمن. التقرير لك لا للأرشيف الداخلي فقط.
280,0.167,نحدد في المعاينة ما يتم اليوم وما يُؤجَّل لخامة أو جفاف. في {CITY} هذا التوضيح يمنع سوء الفهم.
278,0.166,قد يظهر أثناء المعاينة بند مجاور (عزل بعد تسرب، أو تنظيف بعد مكافحة). لا نضيفه صامتاً. يُذكر كخيار. نبدأ بمعاينة مكتوبة ثم عرض سعر. كل عقار في البحرين يختلف في التمديدات والرطوبة وسهولة الرفع.
232,0.138,كنب وسجاد حسب نوع القماش — نناقشه في معاينة {CITY}.
232,0.138,مطابخ وحمّامات بإزالة الترسب لا المعطّر — نناقشه في معاينة {CITY}.
232,0.138,خزانات مياه وفق إجراء آمن — نناقشه في معاينة {CITY}.
232,0.138,واجهات زجاج حسب الارتفاع — نناقشه في معاينة {CITY}.
232,0.138,تعقيم انتقائي بعد المرض أو الإشغال — نناقشه في معاينة {CITY}.
232,0.138,تنظيف عميق للأرضيات والرخام — نناقشه في معاينة {CITY}.
232,0.138,قد يظهر أثناء المعاينة بند مجاور (عزل بعد تسرب، أو تنظيف بعد مكافحة). لا نضيفه صامتاً. يُذكر كخيار. الغبار والرطوبة يعيدان الاتساخ إن بقي المصدر (خزان، مكيف، رطوبة). نحدد السطح ثم المادة.
210,0.125,تسليم بمعاينتك — نناقشه في معاينة {CITY}.
210,0.125,تنفيذ حسب العرض — نناقشه في معاينة {CITY}.
208,0.124,نفحص المصدر لا العرض. الفلل الغربية تحتاج وصفاً للمدخل الداخلي بعد الطريق الساحلي
208,0.124,الطريق الساحلي واضح؛ بعض الفلل داخل أزقة تحتاج و
208,0.124,نصيحة: الفلل الغربية تحتاج وصفاً للمدخل الداخلي بعد الطريق الساحلي
208,0.124,{CITY} — فلل ساحلية؛ الرطوبة المسائية تُظهر التكثف
208,0.124,جنوسان — حدائق أوسع؛ البعوض والري جزء من المشهد
