title_template,count,cities,avg_words,min_words,max_words,example_title,example_url
شركة تركيب عشب جداري في {CITY},16,البديع، الرفاع، المحرق، المنامة، سترة، عالي، مدينة حمد، مدينة عيسى,1954,1843,2032,شركة تركيب عشب جداري في البديع,https://rukn-eltatawer.com/bh/wall-grass-budaiya/
شركة تركيب عشب صناعي في {CITY},16,البديع، الرفاع، المحرق، المنامة، سترة، عالي، مدينة حمد، مدينة عيسى,1954,1826,2020,شركة تركيب عشب صناعي في البديع,https://rukn-eltatawer.com/bh/artificial-grass-grdn-budaiya/
شركة عقود صيانة تكييف دورية في {CITY},8,البديع، الرفاع، المحرق، المنامة، سترة، عالي، مدينة حمد، مدينة عيسى,2282,2196,2357,شركة عقود صيانة تكييف دورية في البديع,https://rukn-eltatawer.com/bh/ac-periodic-maintenance-contracts-budaiya/
شركة صيانة ثلاجات وتبريد تجاري في {CITY},8,البديع، الرفاع، المحرق، المنامة، سترة، عالي، مدينة حمد، مدينة عيسى,2265,2187,2337,شركة صيانة ثلاجات وتبريد تجاري في البديع,https://rukn-eltatawer.com/bh/commercial-refrigeration-maintenance-budaiya/
شركة كشف أعطال تبريد في {CITY},8,البديع، الرفاع، المحرق، المنامة، سترة، عالي، مدينة حمد، مدينة عيسى,2240,2150,2337,شركة كشف أعطال تبريد في البديع,https://rukn-eltatawer.com/bh/cooling-fault-detection-budaiya/
شركة تركيب تكييف مركزي جديد في {CITY},8,البديع، الرفاع، المحرق، المنامة، سترة، عالي، مدينة حمد، مدينة عيسى,2272,2121,2356,شركة تركيب تكييف مركزي جديد في البديع,https://rukn-eltatawer.com/bh/new-central-ac-installation-budaiya/
شركة صيانة دكتات التكييف في {CITY},8,البديع، الرفاع، المحرق، المنامة، سترة، عالي، مدينة حمد، مدينة عيسى,2227,2143,2304,شركة صيانة دكتات التكييف في البديع,https://rukn-eltatawer.com/bh/ac-duct-maintenance-budaiya/
شركة نقل وتركيب مكيفات في {CITY},8,البديع، الرفاع، المحرق، المنامة، سترة، عالي، مدينة حمد، مدينة عيسى,2224,2131,2313,شركة نقل وتركيب مكيفات في البديع,https://rukn-eltatawer.com/bh/ac-relocation-installation-budaiya/
شركة غسيل وتنظيف مكيفات في {CITY},8,البديع، الرفاع، المحرق، المنامة، سترة، عالي، مدينة حمد، مدينة عيسى,2227,2138,2290,شركة غسيل وتنظيف مكيفات في البديع,https://rukn-eltatawer.com/bh/ac-cleaning-washing-budaiya/
شركة تعبئة فريون مكيفات في {CITY},8,البديع، الرفاع، المحرق، المنامة، سترة، عالي، مدينة حمد، مدينة عيسى,2242,2137,2294,شركة تعبئة فريون مكيفات في البديع,https://rukn-eltatawer.com/bh/ac-freon-refill-budaiya/
شركة تركيب وحدات تكييف نافذة في {CITY},8,البديع، الرفاع، المحرق، المنامة، سترة، عالي، مدينة حمد، مدينة عيسى,2271,2201,2359,شركة تركيب وحدات تكييف نافذة في البديع,https://rukn-eltatawer.com/bh/window-ac-installation-budaiya/
شركة تركيب مكيفات سبليت في {CITY},8,البديع، الرفاع، المحرق، المنامة، سترة، عالي، مدينة حمد، مدينة عيسى,2232,2136,2343,شركة تركيب مكيفات سبليت في البديع,https://rukn-eltatawer.com/bh/split-ac-installation-budaiya/
شركة كشف وإصلاح أعطال السباكة في {CITY},8,البديع، الرفاع، المحرق، المنامة، سترة، عالي، مدينة حمد، مدينة عيسى,2178,2036,2267,شركة كشف وإصلاح أعطال السباكة في البديع,https://rukn-eltatawer.com/bh/plumbing-fault-repair-budaiya/
شركة تركيب وصيانة سخانات مركزية في {CITY},8,البديع، الرفاع، المحرق، المنامة، سترة، عالي، مدينة حمد، مدينة عيسى,2200,2118,2261,شركة تركيب وصيانة سخانات مركزية في البديع,https://rukn-eltatawer.com/bh/central-heater-installation-maintenance-budaiya/
شركة صيانة مضخات مياه في {CITY},8,البديع، الرفاع، المحرق، المنامة، سترة، عالي، مدينة حمد، مدينة عيسى,2139,2066,2255,شركة صيانة مضخات مياه في البديع,https://rukn-eltatawer.com/bh/water-pump-maintenance-budaiya/
شركة تأسيس كهرباء وسباكة لمبنى جديد في {CITY},8,البديع، الرفاع، المحرق، المنامة، سترة، عالي، مدينة حمد، مدينة عيسى,2244,2154,2306,شركة تأسيس كهرباء وسباكة لمبنى جديد في البديع,https://rukn-eltatawer.com/bh/new-building-electrical-plumbing-budaiya/
شركة كهربائي طوارئ 24 ساعة في {CITY},8,البديع، الرفاع، المحرق، المنامة، سترة، عالي، مدينة حمد، مدينة عيسى,1977,1847,2090,شركة كهربائي طوارئ 24 ساعة في البديع,https://rukn-eltatawer.com/bh/24h-emergency-electrician-budaiya/
شركة تركيب أدوات صحية في {CITY},8,البديع، الرفاع، المحرق، المنامة، سترة، عالي، مدينة حمد، مدينة عيسى,1961,1822,2037,شركة تركيب أدوات صحية في البديع,https://rukn-eltatawer.com/bh/sanitary-fixtures-installation-budaiya/
شركة صيانة مواسير صرف صحي في {CITY},8,البديع، الرفاع، المحرق، المنامة، سترة، عالي، مدينة حمد، مدينة عيسى,2042,1927,2138,شركة صيانة مواسير صرف صحي في البديع,https://rukn-eltatawer.com/bh/drainage-pipe-maintenance-budaiya/
شركة تركيب سخانات مياه في {CITY},8,البديع، الرفاع، المحرق، المنامة، سترة، عالي، مدينة حمد، مدينة عيسى,2115,2057,2178,شركة تركيب سخانات مياه في البديع,https://rukn-eltatawer.com/bh/water-heater-installation-budaiya/
شركة كشف تسريبات مواسير مياه في {CITY},8,البديع، الرفاع، المحرق، المنامة، سترة، عالي، مدينة حمد، مدينة عيسى,2441,2351,2546,شركة كشف تسريبات مواسير مياه في البديع,https://rukn-eltatawer.com/bh/water-pipe-leak-detection-budaiya/
شركة سباك منازل في {CITY},8,البديع، الرفاع، المحرق، المنامة، سترة، عالي، مدينة حمد، مدينة عيسى,2081,1984,2124,شركة سباك منازل في البديع,https://rukn-eltatawer.com/bh/home-plumber-elec-budaiya/
شركة تركيب إنارة داخلية وخارجية في {CITY},8,البديع، الرفاع، المحرق، المنامة، سترة، عالي، مدينة حمد، مدينة عيسى,2036,1954,2108,شركة تركيب إنارة داخلية وخارجية في البديع,https://rukn-eltatawer.com/bh/indoor-outdoor-lighting-installation-budaiya/
شركة كشف أعطال كهرباء في {CITY},8,البديع، الرفاع، المحرق، المنامة، سترة، عالي، مدينة حمد، مدينة عيسى,1986,1916,2037,شركة كشف أعطال كهرباء في البديع,https://rukn-eltatawer.com/bh/electrical-fault-detection-budaiya/
شركة تمديدات كهربائية جديدة في {CITY},8,البديع، الرفاع، المحرق، المنامة، سترة، عالي، مدينة حمد، مدينة عيسى,1990,1923,2052,شركة تمديدات كهربائية جديدة في البديع,https://rukn-eltatawer.com/bh/new-electrical-wiring-budaiya/
شركة صيانة لوحات كهرباء في {CITY},8,البديع، الرفاع، المحرق، المنامة، سترة، عالي، مدينة حمد، مدينة عيسى,1984,1893,2046,شركة صيانة لوحات كهرباء في البديع,https://rukn-eltatawer.com/bh/electric-panel-maintenance-budaiya/
شركة كهربائي منازل في {CITY},8,البديع، الرفاع، المحرق، المنامة، سترة، عالي، مدينة حمد، مدينة عيسى,1958,1876,2022,شركة كهربائي منازل في البديع,https://rukn-eltatawer.com/bh/home-electrician-elec-budaiya/
شركة صيانة ودهان بعد التسريبات في {CITY},8,البديع، الرفاع، المحرق، المنامة، سترة، عالي، مدينة حمد، مدينة عيسى,2436,2280,2531,شركة صيانة ودهان بعد التسريبات في البديع,https://rukn-eltatawer.com/bh/post-leak-repaint-maintenance-budaiya/
شركة دهان أبواب وشبابيك خشبية في {CITY},8,البديع، الرفاع، المحرق، المنامة، سترة، عالي، مدينة حمد، مدينة عيسى,2028,1891,2135,شركة دهان أبواب وشبابيك خشبية في البديع,https://rukn-eltatawer.com/bh/wood-doors-windows-painting-budaiya/
شركة دهانات ديكورية وتأثيرات جدارية في {CITY},8,البديع، الرفاع، المحرق، المنامة، سترة، عالي، مدينة حمد، مدينة عيسى,2013,1953,2085,شركة دهانات ديكورية وتأثيرات جدارية في البديع,https://rukn-eltatawer.com/bh/decorative-wall-effects-budaiya/
شركة رش بويات كهربائي في {CITY},8,البديع، الرفاع، المحرق، المنامة، سترة، عالي، مدينة حمد، مدينة عيسى,1986,1850,2077,شركة رش بويات كهربائي في البديع,https://rukn-eltatawer.com/bh/electric-spray-painting-budaiya/
شركة إزالة دهان قديم وتحضير أسطح في {CITY},8,البديع، الرفاع، المحرق، المنامة، سترة، عالي، مدينة حمد، مدينة عيسى,2053,1905,2132,شركة إزالة دهان قديم وتحضير أسطح في البديع,https://rukn-eltatawer.com/bh/paint-removal-surface-prep-budaiya/
شركة دهان مكاتب وشركات في {CITY},8,البديع، الرفاع، المحرق، المنامة، سترة، عالي، مدينة حمد، مدينة عيسى,1962,1867,2034,شركة دهان مكاتب وشركات في البديع,https://rukn-eltatawer.com/bh/office-painting-budaiya/
شركة تشطيب ودهان فلل جديدة في {CITY},8,البديع، الرفاع، المحرق، المنامة، سترة، عالي، مدينة حمد، مدينة عيسى,2035,1936,2132,شركة تشطيب ودهان فلل جديدة في البديع,https://rukn-eltatawer.com/bh/new-villa-finishing-painting-budaiya/
شركة عزل ودهان أسطح في {CITY},8,البديع، الرفاع، المحرق، المنامة، سترة، عالي، مدينة حمد، مدينة عيسى,2230,2114,2332,شركة عزل ودهان أسطح في البديع,https://rukn-eltatawer.com/bh/roof-insulation-painting-budaiya/
شركة دهان بويات {CITY}ة الجودة في {CITY},8,البديع، الرفاع، المحرق، المنامة، سترة، عالي، مدينة حمد، مدينة عيسى,2031,1934,2103,شركة دهان بويات عالية الجودة في البديع,https://rukn-eltatawer.com/bh/premium-paint-finishing-budaiya/
شركة ديكورات جبس بورد في {CITY},8,البديع، الرفاع، المحرق، المنامة، سترة، عالي، مدينة حمد، مدينة عيسى,1967,1900,2033,شركة ديكورات جبس بورد في البديع,https://rukn-eltatawer.com/bh/gypsum-board-decor-budaiya/
شركة تركيب ورق حائط في {CITY},8,البديع، الرفاع، المحرق، المنامة، سترة، عالي، مدينة حمد، مدينة عيسى,1991,1902,2075,شركة تركيب ورق حائط في البديع,https://rukn-eltatawer.com/bh/wallpaper-installation-budaiya/
شركة دهان واجهات خارجية في {CITY},8,البديع، الرفاع، المحرق، المنامة، سترة، عالي، مدينة حمد، مدينة عيسى,1987,1906,2043,شركة دهان واجهات خارجية في البديع,https://rukn-eltatawer.com/bh/exterior-facade-painting-budaiya/
شركة دهان فلل في {CITY},8,البديع، الرفاع، المحرق، المنامة، سترة، عالي، مدينة حمد، مدينة عيسى,1932,1853,1983,شركة دهان فلل في البديع,https://rukn-eltatawer.com/bh/villa-painting-budaiya/
شركة دهان شقق في {CITY},8,البديع، الرفاع، المحرق، المنامة، سترة، عالي، مدينة حمد، مدينة عيسى,1947,1805,2036,شركة دهان شقق في البديع,https://rukn-eltatawer.com/bh/apartment-painting-budaiya/
شركة شحن دولي جوي في {CITY},8,البديع، الرفاع، المحرق، المنامة، سترة، عالي، مدينة حمد، مدينة عيسى,1911,1821,2010,شركة شحن دولي جوي في البديع,https://rukn-eltatawer.com/bh/air-freight-budaiya/
شركة شحن دولي بحري في {CITY},8,البديع، الرفاع، المحرق، المنامة، سترة، عالي، مدينة حمد، مدينة عيسى,1951,1873,2034,شركة شحن دولي بحري في البديع,https://rukn-eltatawer.com/bh/sea-freight-budaiya/
شركة شحن دولي بري في {CITY},8,البديع، الرفاع، المحرق، المنامة، سترة، عالي، مدينة حمد، مدينة عيسى,1945,1874,1998,شركة شحن دولي بري في البديع,https://rukn-eltatawer.com/bh/land-freight-budaiya/
شركة شحن داخلي داخل في {CITY},8,البديع، الرفاع، المحرق، المنامة، سترة، عالي، مدينة حمد، مدينة عيسى,1933,1853,2007,شركة شحن داخلي داخل في البديع,https://rukn-eltatawer.com/bh/domestic-shipping-budaiya/
شركة شحن طرود سريعة في {CITY},8,البديع، الرفاع، المحرق، المنامة، سترة، عالي، مدينة حمد، مدينة عيسى,1961,1825,2043,شركة شحن طرود سريعة في البديع,https://rukn-eltatawer.com/bh/express-parcel-shipping-budaiya/
شركة شحن سيارات في {CITY},8,البديع، الرفاع، المحرق، المنامة، سترة، عالي، مدينة حمد، مدينة عيسى,1907,1803,1993,شركة شحن سيارات في البديع,https://rukn-eltatawer.com/bh/car-shipping-budaiya/
شركة شحن أثاث في {CITY},8,البديع، الرفاع، المحرق، المنامة، سترة، عالي، مدينة حمد، مدينة عيسى,1883,1823,1965,شركة شحن أثاث في البديع,https://rukn-eltatawer.com/bh/furniture-shipping-budaiya/
شركة شحن بضائع في {CITY},8,البديع، الرفاع، المحرق، المنامة، سترة، عالي، مدينة حمد، مدينة عيسى,1879,1734,1990,شركة شحن بضائع في البديع,https://rukn-eltatawer.com/bh/cargo-shipping-budaiya/
شركة مكاتب الشحن في {CITY},8,البديع، الرفاع، المحرق، المنامة، سترة، عالي، مدينة حمد، مدينة عيسى,1896,1814,1966,شركة مكاتب الشحن في البديع,https://rukn-eltatawer.com/bh/shipping-offices-budaiya/
فني أنظمة صوت منزلية في {CITY},8,البديع، الرفاع، المحرق، المنامة، سترة، عالي، مدينة حمد، مدينة عيسى,1971,1899,2086,فني أنظمة صوت منزلية في البديع,https://rukn-eltatawer.com/bh/home-audio-tech-budaiya/
فني تركيب كاميرات مراقبة في {CITY},8,البديع، الرفاع، المحرق، المنامة، سترة، عالي، مدينة حمد، مدينة عيسى,1983,1886,2084,فني تركيب كاميرات مراقبة في البديع,https://rukn-eltatawer.com/bh/cctv-tech-budaiya/
فني تركيب وصيانة تكييف في {CITY},8,البديع، الرفاع، المحرق، المنامة، سترة، عالي، مدينة حمد، مدينة عيسى,2246,2156,2310,فني تركيب وصيانة تكييف في البديع,https://rukn-eltatawer.com/bh/ac-tech-budaiya/
فني تركيب أقمار صناعية في {CITY},8,البديع، الرفاع، المحرق، المنامة، سترة، عالي، مدينة حمد، مدينة عيسى,1970,1839,2035,فني تركيب أقمار صناعية في البديع,https://rukn-eltatawer.com/bh/satellite-tech-budaiya/
فني تركيب دش في {CITY},8,البديع، الرفاع، المحرق، المنامة، سترة، عالي، مدينة حمد، مدينة عيسى,1926,1848,2003,فني تركيب دش في البديع,https://rukn-eltatawer.com/bh/sat-dish-tech-budaiya/
فني جبس بورد في {CITY},8,البديع، الرفاع، المحرق، المنامة، سترة، عالي، مدينة حمد، مدينة عيسى,1936,1856,2009,فني جبس بورد في البديع,https://rukn-eltatawer.com/bh/gypsum-tech-budaiya/
عامل دهانات في {CITY},8,البديع، الرفاع، المحرق، المنامة، سترة، عالي، مدينة حمد، مدينة عيسى,1848,1717,1937,عامل دهانات في البديع,https://rukn-eltatawer.com/bh/painter-budaiya/
حداد أبواب ونوافذ في {CITY},8,البديع، الرفاع، المحرق، المنامة، سترة، عالي، مدينة حمد، مدينة عيسى,1820,1643,1964,حداد أبواب ونوافذ في البديع,https://rukn-eltatawer.com/bh/blacksmith-doors-windows-budaiya/
نجار أثاث في {CITY},8,البديع، الرفاع، المحرق، المنامة، سترة، عالي، مدينة حمد، مدينة عيسى,1754,1609,1858,نجار أثاث في البديع,https://rukn-eltatawer.com/bh/carpenter-budaiya/
كهربائي منازل في {CITY},8,البديع، الرفاع، المحرق، المنامة، سترة، عالي، مدينة حمد، مدينة عيسى,1892,1804,1972,كهربائي منازل في البديع,https://rukn-eltatawer.com/bh/home-electrician-budaiya/
سباك منازل في {CITY},8,البديع، الرفاع، المحرق، المنامة، سترة، عالي، مدينة حمد، مدينة عيسى,1984,1857,2063,سباك منازل في البديع,https://rukn-eltatawer.com/bh/home-plumber-budaiya/
شركة التعقيم بالأوزون في {CITY},8,البديع، الرفاع، المحرق، المنامة، سترة، عالي، مدينة حمد، مدينة عيسى,2200,2132,2270,شركة التعقيم بالأوزون في البديع,https://rukn-eltatawer.com/bh/ozone-disinfection-budaiya/
شركة التعقيم بالكلور في {CITY},8,البديع، الرفاع، المحرق، المنامة، سترة، عالي، مدينة حمد، مدينة عيسى,2208,2037,2277,شركة التعقيم بالكلور في البديع,https://rukn-eltatawer.com/bh/chlorine-disinfection-budaiya/
شركة التعقيم بالبخار في {CITY},8,البديع، الرفاع، المحرق، المنامة، سترة، عالي، مدينة حمد، مدينة عيسى,2205,2127,2266,شركة التعقيم بالبخار في البديع,https://rukn-eltatawer.com/bh/steam-disinfection-budaiya/
شركة تركيب أجهزة صوتية لطرد الطيور في {CITY},8,البديع، الرفاع، المحرق، المنامة، سترة، عالي، مدينة حمد، مدينة عيسى,2073,1978,2174,شركة تركيب أجهزة صوتية لطرد الطيور في البديع,https://rukn-eltatawer.com/bh/bird-sound-device-budaiya/
شركة تركيب مسامير طاردة للحمام في {CITY},8,البديع، الرفاع، المحرق، المنامة، سترة، عالي، مدينة حمد، مدينة عيسى,2228,2141,2304,شركة تركيب مسامير طاردة للحمام في البديع,https://rukn-eltatawer.com/bh/pigeon-spikes-installation-budaiya/
شركة تركيب شبك طارد للحمام في {CITY},8,البديع، الرفاع، المحرق، المنامة، سترة، عالي، مدينة حمد، مدينة عيسى,2227,2131,2279,شركة تركيب شبك طارد للحمام في البديع,https://rukn-eltatawer.com/bh/pigeon-net-installation-budaiya/
شركة مكافحة البعوض والذباب في {CITY},8,البديع، الرفاع، المحرق، المنامة، سترة، عالي، مدينة حمد، مدينة عيسى,2184,2031,2291,شركة مكافحة البعوض والذباب في البديع,https://rukn-eltatawer.com/bh/mosquito-fly-control-budaiya/
شركة مكافحة الطيور في {CITY},8,البديع، الرفاع، المحرق، المنامة، سترة، عالي، مدينة حمد، مدينة عيسى,2154,2061,2226,شركة مكافحة الطيور في البديع,https://rukn-eltatawer.com/bh/bird-control-budaiya/
شركة مكافحة الوزغ (البرص) في {CITY},8,البديع، الرفاع، المحرق، المنامة، سترة، عالي، مدينة حمد، مدينة عيسى,2195,2117,2266,شركة مكافحة الوزغ (البرص) في البديع,https://rukn-eltatawer.com/bh/lizard-control-budaiya/
شركة مكافحة البراغيث في {CITY},8,البديع، الرفاع، المحرق، المنامة، سترة، عالي، مدينة حمد، مدينة عيسى,2140,2055,2209,شركة مكافحة البراغيث في البديع,https://rukn-eltatawer.com/bh/flea-control-budaiya/
شركة مكافحة العقارب في {CITY},8,البديع، الرفاع، المحرق، المنامة، سترة، عالي، مدينة حمد، مدينة عيسى,2117,2008,2192,شركة مكافحة العقارب في البديع,https://rukn-eltatawer.com/bh/scorpion-control-budaiya/
شركة مكافحة الأفاعي في {CITY},8,البديع، الرفاع، المحرق، المنامة، سترة، عالي، مدينة حمد، مدينة عيسى,2123,2061,2203,شركة مكافحة الأفاعي في البديع,https://rukn-eltatawer.com/bh/snake-control-budaiya/
شركة مكافحة الفئران والقوارض في {CITY},8,البديع، الرفاع، المحرق، المنامة، سترة، عالي، مدينة حمد، مدينة عيسى,2190,2121,2274,شركة مكافحة الفئران والقوارض في البديع,https://rukn-eltatawer.com/bh/rodent-control-budaiya/
شركة مكافحة بق الفراش في {CITY},8,البديع، الرفاع، المحرق، المنامة، سترة، عالي، مدينة حمد، مدينة عيسى,2174,2031,2261,شركة مكافحة بق الفراش في البديع,https://rukn-eltatawer.com/bh/bed-bug-control-budaiya/
شركة مكافحة الصراصير في {CITY},8,البديع، الرفاع، المحرق، المنامة، سترة، عالي، مدينة حمد، مدينة عيسى,2140,2060,2245,شركة مكافحة الصراصير في البديع,https://rukn-eltatawer.com/bh/cockroach-control-budaiya/
شركة مكافحة النمل الأسود والأحمر في {CITY},8,البديع، الرفاع، المحرق، المنامة، سترة، عالي، مدينة حمد، مدينة عيسى,2232,2150,2324,شركة مكافحة النمل الأسود والأحمر في البديع,https://rukn-eltatawer.com/bh/ant-control-budaiya/
شركة مكافحة النمل الأبيض (الرمة) في {CITY},8,البديع، الرفاع، المحرق، المنامة، سترة، عالي، مدينة حمد، مدينة عيسى,2205,2164,2268,شركة مكافحة النمل الأبيض (الرمة) في البديع,https://rukn-eltatawer.com/bh/termite-control-budaiya/
شركة مكافحة الحشرات الطائرة في {CITY},8,البديع، الرفاع، المحرق، المنامة، سترة، عالي، مدينة حمد، مدينة عيسى,2179,2044,2272,شركة مكافحة الحشرات الطائرة في البديع,https://rukn-eltatawer.com/bh/flying-pest-control-budaiya/
شركة مكافحة الحشرات الزاحفة في {CITY},8,البديع، الرفاع، المحرق، المنامة، سترة، عالي، مدينة حمد، مدينة عيسى,2180,2088,2217,شركة مكافحة الحشرات الزاحفة في البديع,https://rukn-eltatawer.com/bh/crawling-pest-control-budaiya/
شركة تركيب أجهزة تكييف طاقة شمسية في {CITY},8,البديع، الرفاع، المحرق، المنامة، سترة، عالي، مدينة حمد، مدينة عيسى,2327,2165,2412,شركة تركيب أجهزة تكييف طاقة شمسية في البديع,https://rukn-eltatawer.com/bh/solar-ac-installation-budaiya/
شركة تركيب سخانات طاقة شمسية في {CITY},8,البديع، الرفاع، المحرق، المنامة، سترة، عالي، مدينة حمد، مدينة عيسى,2171,2114,2259,شركة تركيب سخانات طاقة شمسية في البديع,https://rukn-eltatawer.com/bh/solar-water-heaters-budaiya/
شركة تركيب أنظمة طاقة شمسية في {CITY},8,البديع، الرفاع، المحرق، المنامة، سترة، عالي، مدينة حمد، مدينة عيسى,1987,1890,2083,شركة تركيب أنظمة طاقة شمسية في البديع,https://rukn-eltatawer.com/bh/solar-systems-installation-budaiya/
شركة تخزين أثاث في {CITY},8,البديع، الرفاع، المحرق، المنامة، سترة، عالي، مدينة حمد، مدينة عيسى,1880,1786,1936,شركة تخزين أثاث في البديع,https://rukn-eltatawer.com/bh/furniture-storage-budaiya/
شركة تركيب وفك الأثاث في {CITY},8,البديع، الرفاع، المحرق، المنامة، سترة، عالي، مدينة حمد، مدينة عيسى,1915,1842,1971,شركة تركيب وفك الأثاث في البديع,https://rukn-eltatawer.com/bh/furniture-assembly-budaiya/
شركة تغليف أثاث احترافي في {CITY},8,البديع، الرفاع، المحرق، المنامة، سترة، عالي، مدينة حمد، مدينة عيسى,1934,1842,2030,شركة تغليف أثاث احترافي في البديع,https://rukn-eltatawer.com/bh/furniture-packaging-budaiya/
شركة نقل بيانو في {CITY},8,البديع، الرفاع، المحرق، المنامة، سترة، عالي، مدينة حمد، مدينة عيسى,1879,1794,1948,شركة نقل بيانو في البديع,https://rukn-eltatawer.com/bh/piano-moving-budaiya/
شركة نقل عفش مع التغليف في {CITY},8,البديع، الرفاع، المحرق، المنامة، سترة، عالي، مدينة حمد، مدينة عيسى,1947,1891,2018,شركة نقل عفش مع التغليف في البديع,https://rukn-eltatawer.com/bh/furniture-moving-packaging-budaiya/
شركة نقل أثاث خارجي في {CITY},8,البديع، الرفاع، المحرق، المنامة، سترة، عالي، مدينة حمد، مدينة عيسى,1941,1842,2022,شركة نقل أثاث خارجي في البديع,https://rukn-eltatawer.com/bh/outdoor-moving-budaiya/
شركة نقل أثاث داخلي في {CITY},8,البديع، الرفاع، المحرق، المنامة، سترة، عالي، مدينة حمد، مدينة عيسى,1935,1843,1988,شركة نقل أثاث داخلي في البديع,https://rukn-eltatawer.com/bh/indoor-moving-budaiya/
شركة تركيب نوافير جدارية في {CITY},8,البديع، الرفاع، المحرق، المنامة، سترة، عالي، مدينة حمد، مدينة عيسى,1961,1871,2025,شركة تركيب نوافير جدارية في البديع,https://rukn-eltatawer.com/bh/wall-fountain-budaiya/
شركة تركيب شلالات اصطناعية في {CITY},8,البديع، الرفاع، المحرق، المنامة، سترة، عالي، مدينة حمد، مدينة عيسى,1952,1866,2028,شركة تركيب شلالات اصطناعية في البديع,https://rukn-eltatawer.com/bh/artificial-waterfall-budaiya/
شركة إنشاء ممرات حجرية في {CITY},8,البديع، الرفاع، المحرق، المنامة، سترة، عالي، مدينة حمد، مدينة عيسى,1954,1850,2018,شركة إنشاء ممرات حجرية في البديع,https://rukn-eltatawer.com/bh/stone-pathway-budaiya/
شركة تركيب عرائش خشبية في {CITY},8,البديع، الرفاع، المحرق، المنامة، سترة، عالي، مدينة حمد، مدينة عيسى,1959,1897,2028,شركة تركيب عرائش خشبية في البديع,https://rukn-eltatawer.com/bh/wooden-arbor-installation-budaiya/
شركة تركيب برجولات في {CITY},8,البديع، الرفاع، المحرق، المنامة، سترة، عالي، مدينة حمد، مدينة عيسى,1952,1861,2022,شركة تركيب برجولات في البديع,https://rukn-eltatawer.com/bh/pergola-installation-budaiya/
شركة إنشاء جلسات حدائق في {CITY},8,البديع، الرفاع، المحرق، المنامة، سترة، عالي، مدينة حمد، مدينة عيسى,1970,1898,2030,شركة إنشاء جلسات حدائق في البديع,https://rukn-eltatawer.com/bh/garden-seating-budaiya/
شركة تركيب شبكات ري أوتوماتيكية في {CITY},8,البديع، الرفاع، المحرق، المنامة، سترة، عالي، مدينة حمد، مدينة عيسى,1997,1921,2101,شركة تركيب شبكات ري أوتوماتيكية في البديع,https://rukn-eltatawer.com/bh/automatic-irrigation-budaiya/
شركة تركيب شبكات ري حديثة في {CITY},8,البديع، الرفاع، المحرق، المنامة، سترة، عالي، مدينة حمد، مدينة عيسى,2004,1921,2062,شركة تركيب شبكات ري حديثة في البديع,https://rukn-eltatawer.com/bh/modern-irrigation-budaiya/
شركة تنظيف وتزيين {CITY}ائق في {CITY},8,البديع، الرفاع، المحرق، المنامة، سترة، عالي، مدينة حمد، مدينة عيسى,2247,2145,2314,شركة تنظيف وتزيين الحدائق في البديع,https://rukn-eltatawer.com/bh/garden-cleaning-budaiya/
شركة زرع نخيل وأشجار في {CITY},8,البديع، الرفاع، المحرق، المنامة، سترة، عالي، مدينة حمد، مدينة عيسى,1960,1878,2013,شركة زرع نخيل وأشجار في البديع,https://rukn-eltatawer.com/bh/palm-tree-planting-budaiya/
شركة قص عشب طبيعي في {CITY},8,البديع، الرفاع، المحرق، المنامة، سترة، عالي، مدينة حمد، مدينة عيسى,1950,1853,2043,شركة قص عشب طبيعي في البديع,https://rukn-eltatawer.com/bh/natural-grass-cutting-budaiya/
شركة تصميم حدائق أسطح في {CITY},8,البديع، الرفاع، المحرق، المنامة، سترة، عالي، مدينة حمد، مدينة عيسى,1958,1875,2039,شركة تصميم حدائق أسطح في البديع,https://rukn-eltatawer.com/bh/roof-garden-design-budaiya/
شركة تصميم حدائق داخلية في {CITY},8,البديع، الرفاع، المحرق، المنامة، سترة، عالي، مدينة حمد، مدينة عيسى,1968,1885,2036,شركة تصميم حدائق داخلية في البديع,https://rukn-eltatawer.com/bh/indoor-garden-design-budaiya/
شركة تنسيق حدائق في {CITY},8,البديع، الرفاع، المحرق، المنامة، سترة، عالي، مدينة حمد، مدينة عيسى,1935,1843,1997,شركة تنسيق حدائق في البديع,https://rukn-eltatawer.com/bh/landscaping-budaiya/
شركة تصميم وتنفيذ ديكورات في {CITY},8,البديع، الرفاع، المحرق، المنامة، سترة، عالي، مدينة حمد، مدينة عيسى,1993,1906,2052,شركة تصميم وتنفيذ ديكورات في البديع,https://rukn-eltatawer.com/bh/decor-design-budaiya/
شركة دهانات خارجية في {CITY},8,البديع، الرفاع، المحرق، المنامة، سترة، عالي، مدينة حمد، مدينة عيسى,1944,1856,2011,شركة دهانات خارجية في البديع,https://rukn-eltatawer.com/bh/exterior-painting-budaiya/
شركة دهانات داخلية في {CITY},8,البديع، الرفاع، المحرق، المنامة، سترة، عالي، مدينة حمد، مدينة عيسى,1928,1842,2008,شركة دهانات داخلية في البديع,https://rukn-eltatawer.com/bh/interior-painting-budaiya/
شركة بناء أسوار طابوق في {CITY},8,البديع، الرفاع، المحرق، المنامة، سترة، عالي، مدينة حمد، مدينة عيسى,1951,1846,2008,شركة بناء أسوار طابوق في البديع,https://rukn-eltatawer.com/bh/block-fences-budaiya/
شركة بناء مجالس خارجية في {CITY},8,البديع، الرفاع، المحرق، المنامة، سترة، عالي، مدينة حمد، مدينة عيسى,1943,1861,2006,شركة بناء مجالس خارجية في البديع,https://rukn-eltatawer.com/bh/outdoor-majlis-budaiya/
شركة بناء مطابخ خارجية في {CITY},8,البديع، الرفاع، المحرق، المنامة، سترة، عالي، مدينة حمد، مدينة عيسى,1947,1818,2028,شركة بناء مطابخ خارجية في البديع,https://rukn-eltatawer.com/bh/outdoor-kitchens-budaiya/
شركة بناء حمامات خارجية في {CITY},8,البديع، الرفاع، المحرق، المنامة، سترة، عالي، مدينة حمد، مدينة عيسى,2205,2116,2289,شركة بناء حمامات خارجية في البديع,https://rukn-eltatawer.com/bh/outdoor-bathrooms-budaiya/
شركة بناء استراحات في {CITY},8,البديع، الرفاع، المحرق، المنامة، سترة، عالي، مدينة حمد، مدينة عيسى,1888,1800,1969,شركة بناء استراحات في البديع,https://rukn-eltatawer.com/bh/majlis-building-budaiya/
شركة بناء ملاحق في {CITY},8,البديع، الرفاع، المحرق، المنامة، سترة، عالي، مدينة حمد، مدينة عيسى,1906,1810,1983,شركة بناء ملاحق في البديع,https://rukn-eltatawer.com/bh/annex-building-budaiya/
شركة تركيب مظلات وسواتر في {CITY},8,البديع، الرفاع، المحرق، المنامة، سترة، عالي، مدينة حمد، مدينة عيسى,1959,1887,2041,شركة تركيب مظلات وسواتر في البديع,https://rukn-eltatawer.com/bh/shades-sails-budaiya/
شركة تركيب شبابيك في {CITY},8,البديع، الرفاع، المحرق، المنامة، سترة، عالي، مدينة حمد، مدينة عيسى,1916,1784,1988,شركة تركيب شبابيك في البديع,https://rukn-eltatawer.com/bh/windows-installation-budaiya/
شركة تركيب أبواب في {CITY},8,البديع، الرفاع، المحرق، المنامة، سترة، عالي، مدينة حمد، مدينة عيسى,1929,1835,1987,شركة تركيب أبواب في البديع,https://rukn-eltatawer.com/bh/doors-installation-budaiya/
شركة تركيب مطابخ في {CITY},8,البديع، الرفاع، المحرق، المنامة، سترة، عالي، مدينة حمد، مدينة عيسى,1942,1858,1999,شركة تركيب مطابخ في البديع,https://rukn-eltatawer.com/bh/kitchen-installation-budaiya/
شركة تركيب زجاج وألوميتال في {CITY},8,البديع، الرفاع، المحرق، المنامة، سترة، عالي، مدينة حمد، مدينة عيسى,1955,1885,2047,شركة تركيب زجاج وألوميتال في البديع,https://rukn-eltatawer.com/bh/glass-alumetal-budaiya/
شركة تركيب فواصل زجاجية وألومنيوم في {CITY},8,البديع، الرفاع، المحرق، المنامة، سترة، عالي، مدينة حمد، مدينة عيسى,1994,1908,2053,شركة تركيب فواصل زجاجية وألومنيوم في البديع,https://rukn-eltatawer.com/bh/glass-aluminium-partitions-budaiya/
شركة تركيب أسقف مستعارة في {CITY},8,البديع، الرفاع، المحرق، المنامة، سترة، عالي، مدينة حمد، مدينة عيسى,1960,1896,2077,شركة تركيب أسقف مستعارة في البديع,https://rukn-eltatawer.com/bh/suspended-ceiling-budaiya/
شركة تركيب سجاد أرضيات في {CITY},8,البديع، الرفاع، المحرق، المنامة، سترة، عالي، مدينة حمد، مدينة عيسى,1979,1880,2041,شركة تركيب سجاد أرضيات في البديع,https://rukn-eltatawer.com/bh/floor-carpeting-budaiya/
شركة تركيب ورق جدران في {CITY},8,البديع، الرفاع، المحرق، المنامة، سترة، عالي، مدينة حمد، مدينة عيسى,1970,1884,2032,شركة تركيب ورق جدران في البديع,https://rukn-eltatawer.com/bh/wallpaper-budaiya/
شركة تركيب أسقف جبسية / فورسيلنج في {CITY},8,البديع، الرفاع، المحرق، المنامة، سترة، عالي، مدينة حمد، مدينة عيسى,2027,1948,2105,شركة تركيب أسقف جبسية / فورسيلنج في البديع,https://rukn-eltatawer.com/bh/false-ceiling-budaiya/
شركة تركيب جبس بورد في {CITY},8,البديع، الرفاع، المحرق، المنامة، سترة، عالي، مدينة حمد، مدينة عيسى,1991,1904,2045,شركة تركيب جبس بورد في البديع,https://rukn-eltatawer.com/bh/gypsum-board-budaiya/
شركة تركيب فوم للجدران في {CITY},8,البديع، الرفاع، المحرق، المنامة، سترة، عالي، مدينة حمد، مدينة عيسى,1971,1903,2033,شركة تركيب فوم للجدران في البديع,https://rukn-eltatawer.com/bh/wall-foam-budaiya/
شركة تركيب رخام وجرانيت في {CITY},8,البديع، الرفاع، المحرق، المنامة، سترة، عالي، مدينة حمد، مدينة عيسى,1955,1866,2035,شركة تركيب رخام وجرانيت في البديع,https://rukn-eltatawer.com/bh/marble-granite-budaiya/
شركة تركيب حجر طبيعي وصناعي في {CITY},8,البديع، الرفاع، المحرق، المنامة، سترة، عالي، مدينة حمد، مدينة عيسى,1999,1929,2092,شركة تركيب حجر طبيعي وصناعي في البديع,https://rukn-eltatawer.com/bh/stone-budaiya/
شركة تركيب أرضيات فينيل في {CITY},8,البديع، الرفاع، المحرق، المنامة، سترة، عالي، مدينة حمد، مدينة عيسى,1973,1853,2038,شركة تركيب أرضيات فينيل في البديع,https://rukn-eltatawer.com/bh/vinyl-flooring-budaiya/
شركة تركيب باركيه وأرضيات خشب في {CITY},8,البديع، الرفاع، المحرق، المنامة، سترة، عالي، مدينة حمد، مدينة عيسى,2015,1870,2099,شركة تركيب باركيه وأرضيات خشب في البديع,https://rukn-eltatawer.com/bh/parquet-budaiya/
شركة تركيب سيراميك وبورسلين في {CITY},8,البديع، الرفاع، المحرق، المنامة، سترة، عالي، مدينة حمد، مدينة عيسى,1989,1897,2088,شركة تركيب سيراميك وبورسلين في البديع,https://rukn-eltatawer.com/bh/ceramic-porcelain-budaiya/
شركة تركيب بلاستر في {CITY},8,البديع، الرفاع، المحرق، المنامة، سترة، عالي، مدينة حمد، مدينة عيسى,1924,1818,1992,شركة تركيب بلاستر في البديع,https://rukn-eltatawer.com/bh/plastering-budaiya/
شركة تركيب طابوق في {CITY},8,البديع، الرفاع، المحرق، المنامة، سترة، عالي، مدينة حمد، مدينة عيسى,1920,1843,1996,شركة تركيب طابوق في البديع,https://rukn-eltatawer.com/bh/brickwork-budaiya/
شركة تركيب كربستون في {CITY},8,البديع، الرفاع، المحرق، المنامة، سترة، عالي، مدينة حمد، مدينة عيسى,1935,1784,1987,شركة تركيب كربستون في البديع,https://rukn-eltatawer.com/bh/kerbstone-budaiya/
شركة تركيب انترلوك في {CITY},8,البديع، الرفاع، المحرق، المنامة، سترة، عالي، مدينة حمد، مدينة عيسى,1936,1852,2028,شركة تركيب انترلوك في البديع,https://rukn-eltatawer.com/bh/interlock-budaiya/
شركة تسليك مجاري في {CITY},8,البديع، الرفاع، المحرق، المنامة، سترة، عالي، مدينة حمد، مدينة عيسى,2095,1958,2166,شركة تسليك مجاري في البديع,https://rukn-eltatawer.com/bh/drain-unclogging-budaiya/
شركة شفط بيارات في {CITY},8,البديع، الرفاع، المحرق، المنامة، سترة، عالي، مدينة حمد، مدينة عيسى,2103,2021,2190,شركة شفط بيارات في البديع,https://rukn-eltatawer.com/bh/septic-tank-emptying-budaiya/
شركة إصلاح تشققات الأسقف والجدران في {CITY},8,البديع، الرفاع، المحرق، المنامة، سترة، عالي، مدينة حمد، مدينة عيسى,2008,1870,2112,شركة إصلاح تشققات الأسقف والجدران في البديع,https://rukn-eltatawer.com/bh/crack-repair-budaiya/
شركة فحص فلل ومباني قبل الشراء في {CITY},8,البديع، الرفاع، المحرق، المنامة، سترة، عالي، مدينة حمد، مدينة عيسى,2062,1918,2144,شركة فحص فلل ومباني قبل الشراء في البديع,https://rukn-eltatawer.com/bh/villa-inspection-budaiya/
شركة ترميم منازل قديمة في {CITY},8,البديع، الرفاع، المحرق، المنامة، سترة، عالي، مدينة حمد، مدينة عيسى,1953,1825,2016,شركة ترميم منازل قديمة في البديع,https://rukn-eltatawer.com/bh/old-house-renovation-budaiya/
شركة ترميم وصيانة مباني في {CITY},8,البديع، الرفاع، المحرق، المنامة، سترة، عالي، مدينة حمد، مدينة عيسى,1946,1878,2037,شركة ترميم وصيانة مباني في البديع,https://rukn-eltatawer.com/bh/building-renovation-budaiya/
شركة ترميم مطابخ في {CITY},8,البديع، الرفاع، المحرق، المنامة، سترة، عالي، مدينة حمد، مدينة عيسى,1920,1836,1997,شركة ترميم مطابخ في البديع,https://rukn-eltatawer.com/bh/kitchen-renovation-budaiya/
شركة ترميم حمامات في {CITY},8,البديع، الرفاع، المحرق، المنامة، سترة، عالي، مدينة حمد، مدينة عيسى,2118,2054,2159,شركة ترميم حمامات في البديع,https://rukn-eltatawer.com/bh/bathroom-renovation-budaiya/
شركة تبطين وصيانة خزانات مياه في {CITY},8,البديع، الرفاع، المحرق، المنامة، سترة، عالي، مدينة حمد، مدينة عيسى,2039,1898,2107,شركة تبطين وصيانة خزانات مياه في البديع,https://rukn-eltatawer.com/bh/tank-lining-maintenance-budaiya/
شركة معالجة الرطوبة والعفن في {CITY},8,البديع، الرفاع، المحرق، المنامة، سترة، عالي، مدينة حمد، مدينة عيسى,1962,1835,2071,شركة معالجة الرطوبة والعفن في البديع,https://rukn-eltatawer.com/bh/humidity-treatment-budaiya/
شركة عزل صوتي في {CITY},8,البديع، الرفاع، المحرق، المنامة، سترة، عالي، مدينة حمد، مدينة عيسى,2184,2075,2277,شركة عزل صوتي في البديع,https://rukn-eltatawer.com/bh/soundproofing-budaiya/
شركة عزل مائي في {CITY},8,البديع، الرفاع، المحرق، المنامة، سترة، عالي، مدينة حمد، مدينة عيسى,2173,2090,2247,شركة عزل مائي في البديع,https://rukn-eltatawer.com/bh/waterproofing-budaiya/
شركة عزل حراري في {CITY},8,البديع، الرفاع، المحرق، المنامة، سترة، عالي، مدينة حمد، مدينة عيسى,2152,2103,2195,شركة عزل حراري في البديع,https://rukn-eltatawer.com/bh/thermal-insulation-budaiya/
شركة عزل مطابخ في {CITY},8,البديع، الرفاع، المحرق، المنامة، سترة، عالي، مدينة حمد، مدينة عيسى,2161,2030,2231,شركة عزل مطابخ في البديع,https://rukn-eltatawer.com/bh/kitchen-insulation-budaiya/
شركة عزل حمامات في {CITY},8,البديع، الرفاع، المحرق، المنامة، سترة، عالي، مدينة حمد، مدينة عيسى,2159,2066,2247,شركة عزل حمامات في البديع,https://rukn-eltatawer.com/bh/bathroom-insulation-budaiya/
شركة عزل خزانات في {CITY},8,البديع، الرفاع، المحرق، المنامة، سترة، عالي، مدينة حمد، مدينة عيسى,2179,2106,2256,شركة عزل خزانات في البديع,https://rukn-eltatawer.com/bh/tank-insulation-budaiya/
شركة عزل أسطح في {CITY},8,البديع، الرفاع، المحرق، المنامة، سترة، عالي، مدينة حمد، مدينة عيسى,2168,2030,2261,شركة عزل أسطح في البديع,https://rukn-eltatawer.com/bh/roof-insulation-budaiya/
شركة كشف تسربات التكييف في {CITY},8,البديع، الرفاع، المحرق، المنامة، سترة، عالي، مدينة حمد، مدينة عيسى,2403,2331,2465,شركة كشف تسربات التكييف في البديع,https://rukn-eltatawer.com/bh/ac-leak-detection-budaiya/
شركة كشف تسربات الغاز في {CITY},8,البديع، الرفاع، المحرق، المنامة، سترة، عالي، مدينة حمد، مدينة عيسى,2415,2330,2470,شركة كشف تسربات الغاز في البديع,https://rukn-eltatawer.com/bh/gas-leak-detection-budaiya/
شركة كشف تسربات المياه في {CITY},8,البديع، الرفاع، المحرق، المنامة، سترة، عالي، مدينة حمد، مدينة عيسى,2385,2250,2489,شركة كشف تسربات المياه في البديع,https://rukn-eltatawer.com/bh/water-leak-detection-budaiya/
شركة تركيب وصيانة أنظمة تنقية الهواء في {CITY},8,البديع، الرفاع، المحرق، المنامة، سترة، عالي، مدينة حمد، مدينة عيسى,2092,2010,2161,شركة تركيب وصيانة أنظمة تنقية الهواء في البديع,https://rukn-eltatawer.com/bh/air-purification-budaiya/
شركة تركيب وصيانة أجهزة تبريد مياه الخزانات في {CITY},8,البديع، الرفاع، المحرق، المنامة، سترة، عالي، مدينة حمد، مدينة عيسى,2370,2289,2453,شركة تركيب وصيانة أجهزة تبريد مياه الخزانات في البديع,https://rukn-eltatawer.com/bh/tank-water-chiller-budaiya/
شركة تركيب وصيانة فلاتر مياه في {CITY},8,البديع، الرفاع، المحرق، المنامة، سترة، عالي، مدينة حمد، مدينة عيسى,2041,1946,2110,شركة تركيب وصيانة فلاتر مياه في البديع,https://rukn-eltatawer.com/bh/water-filters-budaiya/
شركة تركيب وصيانة محطات تحلية المياه في {CITY},8,البديع، الرفاع، المحرق، المنامة، سترة، عالي، مدينة حمد، مدينة عيسى,2063,1979,2150,شركة تركيب وصيانة محطات تحلية المياه في البديع,https://rukn-eltatawer.com/bh/ro-plants-budaiya/
شركة تركيب وصيانة مضخات مياه وصرف صحي في {CITY},8,البديع، الرفاع، المحرق، المنامة، سترة، عالي، مدينة حمد، مدينة عيسى,2269,2161,2358,شركة تركيب وصيانة مضخات مياه وصرف صحي في البديع,https://rukn-eltatawer.com/bh/water-pumps-budaiya/
شركة تركيب وصيانة شفاطات مطابخ في {CITY},8,البديع، الرفاع، المحرق، المنامة، سترة، عالي، مدينة حمد، مدينة عيسى,2038,1931,2120,شركة تركيب وصيانة شفاطات مطابخ في البديع,https://rukn-eltatawer.com/bh/kitchen-hoods-budaiya/
شركة صيانة مكانس كهربائية في {CITY},8,البديع، الرفاع، المحرق، المنامة، سترة، عالي، مدينة حمد، مدينة عيسى,1996,1909,2085,شركة صيانة مكانس كهربائية في البديع,https://rukn-eltatawer.com/bh/vacuum-maintenance-budaiya/
شركة صيانة مبردات مياه في {CITY},8,البديع، الرفاع، المحرق، المنامة، سترة، عالي، مدينة حمد، مدينة عيسى,1986,1884,2049,شركة صيانة مبردات مياه في البديع,https://rukn-eltatawer.com/bh/water-cooler-maintenance-budaiya/
شركة صيانة سخانات في {CITY},8,البديع، الرفاع، المحرق، المنامة، سترة، عالي، مدينة حمد، مدينة عيسى,2093,1985,2152,شركة صيانة سخانات في البديع,https://rukn-eltatawer.com/bh/water-heater-maintenance-budaiya/
شركة صيانة ميكروويف في {CITY},8,البديع، الرفاع، المحرق، المنامة، سترة، عالي، مدينة حمد، مدينة عيسى,1953,1871,2021,شركة صيانة ميكروويف في البديع,https://rukn-eltatawer.com/bh/microwave-maintenance-budaiya/
شركة صيانة نشافات في {CITY},8,البديع، الرفاع، المحرق، المنامة، سترة، عالي، مدينة حمد، مدينة عيسى,1959,1876,2016,شركة صيانة نشافات في البديع,https://rukn-eltatawer.com/bh/dryer-maintenance-budaiya/
شركة صيانة غسالات في {CITY},8,البديع، الرفاع، المحرق، المنامة، سترة، عالي، مدينة حمد، مدينة عيسى,1944,1825,2009,شركة صيانة غسالات في البديع,https://rukn-eltatawer.com/bh/washer-maintenance-budaiya/
شركة صيانة ثلاجات في {CITY},8,البديع، الرفاع، المحرق، المنامة، سترة، عالي، مدينة حمد، مدينة عيسى,1955,1852,2008,شركة صيانة ثلاجات في البديع,https://rukn-eltatawer.com/bh/fridge-maintenance-budaiya/
شركة صيانة الأجهزة الكهربائية في {CITY},8,البديع، الرفاع، المحرق، المنامة، سترة، عالي، مدينة حمد، مدينة عيسى,1983,1913,2083,شركة صيانة الأجهزة الكهربائية في البديع,https://rukn-eltatawer.com/bh/appliance-maintenance-budaiya/
شركة صيانة بوتاجازات في {CITY},8,البديع، الرفاع، المحرق، المنامة، سترة، عالي، مدينة حمد، مدينة عيسى,1937,1878,1958,شركة صيانة بوتاجازات في البديع,https://rukn-eltatawer.com/bh/stove-maintenance-budaiya/
شركة صيانة أفران في {CITY},8,البديع، الرفاع، المحرق، المنامة، سترة، عالي، مدينة حمد، مدينة عيسى,1952,1820,2041,شركة صيانة أفران في البديع,https://rukn-eltatawer.com/bh/oven-maintenance-budaiya/
شركة صيانة أبواب أوتوماتيكية في {CITY},8,البديع، الرفاع، المحرق، المنامة، سترة، عالي، مدينة حمد، مدينة عيسى,1998,1916,2093,شركة صيانة أبواب أوتوماتيكية في البديع,https://rukn-eltatawer.com/bh/automatic-doors-maintenance-budaiya/
شركة صيانة كاميرات مراقبة في {CITY},8,البديع، الرفاع، المحرق، المنامة، سترة، عالي، مدينة حمد، مدينة عيسى,2018,1898,2113,شركة صيانة كاميرات مراقبة في البديع,https://rukn-eltatawer.com/bh/cctv-maintenance-budaiya/
شركة صيانة مصاعد في {CITY},8,البديع، الرفاع، المحرق، المنامة، سترة، عالي، مدينة حمد، مدينة عيسى,1950,1840,2025,شركة صيانة مصاعد في البديع,https://rukn-eltatawer.com/bh/elevator-maintenance-budaiya/
شركة صيانة مسابح في {CITY},8,البديع، الرفاع، المحرق، المنامة، سترة، عالي، مدينة حمد، مدينة عيسى,1919,1797,1978,شركة صيانة مسابح في البديع,https://rukn-eltatawer.com/bh/pool-maintenance-budaiya/
شركة صيانة مكيفات سبليت في {CITY},8,البديع، الرفاع، المحرق، المنامة، سترة، عالي، مدينة حمد، مدينة عيسى,2218,2070,2330,شركة صيانة مكيفات سبليت في البديع,https://rukn-eltatawer.com/bh/split-ac-maintenance-budaiya/
شركة صيانة تكييف مركزي في {CITY},8,البديع، الرفاع، المحرق، المنامة، سترة، عالي، مدينة حمد، مدينة عيسى,2236,2163,2309,شركة صيانة تكييف مركزي في البديع,https://rukn-eltatawer.com/bh/central-ac-maintenance-budaiya/
شركة صيانة سباكة في {CITY},8,البديع، الرفاع، المحرق، المنامة، سترة، عالي، مدينة حمد، مدينة عيسى,2078,1999,2181,شركة صيانة سباكة في البديع,https://rukn-eltatawer.com/bh/plumbing-maintenance-budaiya/
شركة صيانة كهرباء في {CITY},8,البديع، الرفاع، المحرق، المنامة، سترة، عالي، مدينة حمد، مدينة عيسى,1961,1879,2020,شركة صيانة كهرباء في البديع,https://rukn-eltatawer.com/bh/electrical-maintenance-budaiya/
شركة صيانة مباني في {CITY},8,البديع، الرفاع، المحرق، المنامة، سترة، عالي، مدينة حمد، مدينة عيسى,1934,1826,2010,شركة صيانة مباني في البديع,https://rukn-eltatawer.com/bh/building-maintenance-budaiya/
شركة صيانة عامة في {CITY},8,البديع، الرفاع، المحرق، المنامة، سترة، عالي، مدينة حمد، مدينة عيسى,1956,1855,2032,شركة صيانة عامة في البديع,https://rukn-eltatawer.com/bh/general-maintenance-budaiya/
شركة تنظيف المداخن والشفاطات في {CITY},8,البديع، الرفاع، المحرق، المنامة، سترة، عالي، مدينة حمد، مدينة عيسى,2249,2108,2325,شركة تنظيف المداخن والشفاطات في البديع,https://rukn-eltatawer.com/bh/chimney-cleaning-budaiya/
شركة تنظيف وصيانة دكتات المكيفات في {CITY},8,البديع، الرفاع، المحرق، المنامة، سترة، عالي، مدينة حمد، مدينة عيسى,2269,2196,2330,شركة تنظيف وصيانة دكتات المكيفات في البديع,https://rukn-eltatawer.com/bh/duct-cleaning-budaiya/
شركة تنظيف وتعقيم شامل في {CITY},8,البديع، الرفاع، المحرق، المنامة، سترة، عالي، مدينة حمد، مدينة عيسى,2250,2165,2326,شركة تنظيف وتعقيم شامل في البديع,https://rukn-eltatawer.com/bh/deep-cleaning-budaiya/
شركة تنظيف كراجات ومواقف سيارات في {CITY},8,البديع، الرفاع، المحرق، المنامة، سترة، عالي، مدينة حمد، مدينة عيسى,2292,2202,2396,شركة تنظيف كراجات ومواقف سيارات في البديع,https://rukn-eltatawer.com/bh/garage-cleaning-budaiya/
شركة تنظيف واجهات حجرية في {CITY},8,البديع، الرفاع، المحرق، المنامة، سترة، عالي، مدينة حمد، مدينة عيسى,2232,2093,2307,شركة تنظيف واجهات حجرية في البديع,https://rukn-eltatawer.com/bh/stone-facade-cleaning-budaiya/
شركة تنظيف واجهات زجاجية في {CITY},8,البديع، الرفاع، المحرق، المنامة، سترة، عالي، مدينة حمد، مدينة عيسى,2241,2167,2337,شركة تنظيف واجهات زجاجية في البديع,https://rukn-eltatawer.com/bh/glass-facade-cleaning-budaiya/
شركة تنظيف أرضيات رخام وجلي رخام في {CITY},8,البديع، الرفاع، المحرق، المنامة، سترة، عالي، مدينة حمد، مدينة عيسى,2325,2225,2385,شركة تنظيف أرضيات رخام وجلي رخام في البديع,https://rukn-eltatawer.com/bh/marble-polishing-budaiya/
شركة تنظيف مراتب في {CITY},8,البديع، الرفاع، المحرق، المنامة، سترة، عالي، مدينة حمد، مدينة عيسى,2185,2113,2261,شركة تنظيف مراتب في البديع,https://rukn-eltatawer.com/bh/mattress-cleaning-budaiya/
شركة تنظيف ستائر في {CITY},8,البديع، الرفاع، المحرق، المنامة، سترة، عالي، مدينة حمد، مدينة عيسى,2190,2103,2270,شركة تنظيف ستائر في البديع,https://rukn-eltatawer.com/bh/curtain-cleaning-budaiya/
شركة تنظيف كنب في {CITY},8,البديع، الرفاع، المحرق، المنامة، سترة، عالي، مدينة حمد، مدينة عيسى,2205,2049,2292,شركة تنظيف كنب في البديع,https://rukn-eltatawer.com/bh/sofa-cleaning-budaiya/
شركة تنظيف موكيت في {CITY},8,البديع، الرفاع، المحرق، المنامة، سترة، عالي، مدينة حمد، مدينة عيسى,2186,2126,2277,شركة تنظيف موكيت في البديع,https://rukn-eltatawer.com/bh/moquette-cleaning-budaiya/
شركة تنظيف سجاد في {CITY},8,البديع، الرفاع، المحرق، المنامة، سترة، عالي، مدينة حمد، مدينة عيسى,2196,2119,2269,شركة تنظيف سجاد في البديع,https://rukn-eltatawer.com/bh/carpet-cleaning-budaiya/
شركة تنظيف خزانات ديزل في {CITY},8,البديع، الرفاع، المحرق، المنامة، سترة، عالي، مدينة حمد، مدينة عيسى,2250,2161,2330,شركة تنظيف خزانات ديزل في البديع,https://rukn-eltatawer.com/bh/diesel-tank-cleaning-budaiya/
شركة تنظيف خزانات مياه في {CITY},8,البديع، الرفاع، المحرق، المنامة، سترة، عالي، مدينة حمد، مدينة عيسى,2251,2141,2302,شركة تنظيف خزانات مياه في البديع,https://rukn-eltatawer.com/bh/water-tank-cleaning-budaiya/
شركة تنظيف حمامات في {CITY},8,البديع، الرفاع، المحرق، المنامة، سترة، عالي، مدينة حمد، مدينة عيسى,2183,2103,2279,شركة تنظيف حمامات في البديع,https://rukn-eltatawer.com/bh/bathroom-cleaning-budaiya/
شركة تنظيف مطابخ في {CITY},8,البديع، الرفاع، المحرق، المنامة، سترة، عالي، مدينة حمد، مدينة عيسى,2205,2081,2302,شركة تنظيف مطابخ في البديع,https://rukn-eltatawer.com/bh/kitchen-cleaning-budaiya/
شركة تنظيف مسابح في {CITY},8,البديع، الرفاع، المحرق، المنامة، سترة، عالي، مدينة حمد، مدينة عيسى,2173,2058,2277,شركة تنظيف مسابح في البديع,https://rukn-eltatawer.com/bh/pool-cleaning-budaiya/
شركة تنظيف محلات تجارية ومولات في {CITY},8,البديع، الرفاع، المحرق، المنامة، سترة، عالي، مدينة حمد، مدينة عيسى,2296,2204,2354,شركة تنظيف محلات تجارية ومولات في البديع,https://rukn-eltatawer.com/bh/mall-cleaning-budaiya/
شركة تنظيف مستشفيات وعيادات في {CITY},8,البديع، الرفاع، المحرق، المنامة، سترة، عالي، مدينة حمد، مدينة عيسى,2231,2176,2308,شركة تنظيف مستشفيات وعيادات في البديع,https://rukn-eltatawer.com/bh/hospital-clinic-cleaning-budaiya/
شركة تنظيف مدارس وحضانات في {CITY},8,البديع، الرفاع، المحرق، المنامة، سترة، عالي، مدينة حمد، مدينة عيسى,2247,2158,2342,شركة تنظيف مدارس وحضانات في البديع,https://rukn-eltatawer.com/bh/school-nursery-cleaning-budaiya/
شركة تنظيف مجالس في {CITY},8,البديع، الرفاع، المحرق، المنامة، سترة، عالي، مدينة حمد، مدينة عيسى,2203,2080,2285,شركة تنظيف مجالس في البديع,https://rukn-eltatawer.com/bh/majlis-cleaning-budaiya/
شركة تنظيف مكاتب في {CITY},8,البديع، الرفاع، المحرق، المنامة، سترة، عالي، مدينة حمد، مدينة عيسى,2194,2120,2263,شركة تنظيف مكاتب في البديع,https://rukn-eltatawer.com/bh/office-cleaning-budaiya/
شركة تنظيف قصور في {CITY},8,البديع، الرفاع، المحرق، المنامة، سترة، عالي، مدينة حمد، مدينة عيسى,2175,2057,2258,شركة تنظيف قصور في البديع,https://rukn-eltatawer.com/bh/palace-cleaning-budaiya/
شركة تنظيف فلل في {CITY},8,البديع، الرفاع، المحرق، المنامة، سترة، عالي، مدينة حمد، مدينة عيسى,2210,2038,2303,شركة تنظيف فلل في البديع,https://rukn-eltatawer.com/bh/villa-cleaning-budaiya/
شركة تنظيف شقق في {CITY},8,البديع، الرفاع، المحرق، المنامة، سترة، عالي، مدينة حمد، مدينة عيسى,2201,2060,2306,شركة تنظيف شقق في البديع,https://rukn-eltatawer.com/bh/apartment-cleaning-budaiya/
شركة تنظيف منازل في {CITY},8,البديع، الرفاع، المحرق، المنامة، سترة، عالي، مدينة حمد، مدينة عيسى,2191,2049,2287,شركة تنظيف منازل في البديع,https://rukn-eltatawer.com/bh/home-cleaning-budaiya/
